workerid,prolific_participant_id
2681,66fc5487fa43172f24f886cc
1598,65379809ee65f619af716542
1799,5a78b8355292b800012284ca
1692,6636068eb9c91f0168b22b69
2523,63ea50989eb7642c2cfbce84
2859,5d0e7ce13fe2d0001999c056
2284,66971362d0e54c6a97f6146e
1943,66f1dc27b04f13110f25da48
1876,64395cbe6c8374ff09533b05
2690,6672df26391cf82fa68a2ea7
2024,66914b48f24ea359ee278ca5
2706,67210d051e2ef6b81aad9729
2416,5fefefa4c9707d3516361c9c
2348,66c7f280d6cde03f250ffded
2644,664e2c02edf41c6338092b54
1899,65d7a5fea3345f5297e63e48
2968,640661c9594e0ae9a8891544
1941,63f2261685a2effaa7a16de6
2601,6625ac4d6f5a636552f8adf0
2411,5ea47bda5b1a9807ed89eb76
2445,6431fa7dd113eda38603cabc
2100,629642bfde2bf56c1ec2a420
2012,5dcf6d762e4a050ac2cba07d
2737,58ae59babb9e0f0001acb414
2945,666d8614c073db24a747bdc7
1856,5f6a5a31ef2e5a113a18c281
2764,66c5219c0af73f6e79eea99e
2225,66c63759d0d926c345196cf7
2573,5f08ba4192c3fb10d8fb4bb6
1767,5ecf40ccb218ec372490e3ea
2915,671acd4b14ebfd595a8b6c09
2254,660ab3521d6a9f36a3f0cb95
2375,5a726e526fc3c60001f976bb
2324,6692b332b77c02cc9bb9720e
1964,657b8d0f70532c79db2ebe95
1476,6301c3ad615e5e0f5f371624
2026,66e9d4da018b61d910fb5c59
2894,610f326ceebada4236a67080
2726,5dfb693a73d72487b1fe495b
1613,5820ab7820c34d0001e6dff2
2625,66856a62a9cd8445323c30c6
2112,664439645a9a29be43d5bf5a
2462,56494d5b6902220012c4acb7
2052,663bc254f4b7b1bf2cdd0a70
2359,5fc43976862e3e7756f5d661
1545,6621daa87097db3620036531
2853,66eb44221b8f0aa9144a12b7
2948,666ef42db3c7870346bfd90d
1516,5e83adf76ea9870c99d4b086
2285,59ff47d47ecfc50001be0555
1397,5b8557d0bb0eb8000105a696
2643,66ec7a70f8d1f4d108a4ec65
1671,663ae3f35b81791c40865be5
2064,63ba386fca1ef3cc33de26d2
2820,66abae3c6291661053356c69
2570,66fd546b92a0197eb27c02aa
2394,67000ed3ffa3938b2cc81087
2529,6713ea373b96a80e5553a7b2
1921,5cf3f7364bcc6400019d71fa
2223,65c0ed76e2e195876cfd9b74
2736,5e28f70500bb310cf3934256
2806,5e2d295390840b3279624b90
1797,667b577210c53a5b35f2d73e
2067,669177c4a26127b08bc038ee
2782,6496f9fbc2928ee6956ef623
1460,655f90bfe10fa8065ab6c09a
1617,5c3b70640eaa0100018ea877
2327,66889eb9573ca69b3ff84d9d
1574,66f5b599fbee3f58bb2aa316
2563,66fe02f0e82f2161bcf828e9
1834,5a4ffbc076d1c60001aa9438
1769,5dd3301ff3b7c233e991e522
1811,62c08fa6cab36e3a08790b49
2097,60feb2be3bb57f04327c03f4
1708,5dd3205a523df033442e19da
2839,638a3fd5992f01b81d0e1e93
1503,62d5b21d270815d0579d8c5c
1764,62b14f89e9222d3aab48489b
2742,5bf8f34abdd6400001bd5e66
1531,5d094021c79e5a001a796b43
1873,62b628e4351d179f1ff6cc59
2887,668ec6d806bc125c6a6e71a5
2339,5ce1f31a27efac0018821eed
2440,5d5b4ffc1a12e70018ca1268
1519,5b31e49c975e260001e96e95
2140,5c0da14d656168000159da7a
2746,66b507b30adc7f710172375e
2408,6710086659e81bd14ea45da2
2452,6562177a48308eebbb6359ea
2035,66a9650441d2445c2d356b93
2536,5af09ff00eca060001b1379c
2099,601c1f550370f34ec49ab0b6
2358,66a653ded4b23649d48e2cd8
2436,66cf3020b454346ee3518a72
1894,65fa95fafeda35caf378b6f9
2778,6674748b74144acd6017355f
1604,60e9e8092cfc1f464753dd71
2386,60836acad955b88bd4971a92
1654,65f24955e6ae4b70b05dd02c
2380,6720348f7c7b285f8dc00200
2298,6619a6b7ce5da964c6d15b4d
1622,62dc24fa35bc6caa02048e3e
2425,638e84c70418d8a2c0aa372e
1522,663e4ea56a8f7e3390284e68
1466,6656a11fee2ded3ff1edbe31
2850,586372cae16d530001b345b8
1591,6335b5fdc41e92fb73e7c2df
2980,665de165057136a924eda46a
2316,60a2286e51973ae842a306ea
2186,66293ab7b323f5f7ce785c38
2653,6376b9ede4f5ca90df04d617
2937,660e0c2ea09eadd507d4af21
1772,57f2da5c6c19420001438d19
2291,64415cccab771017a37d3d93
2060,6548fabf4be86c20a6760275
2263,6671d56daa99a8dd48996d20
1590,5cc8039e3ef93000171c96b8
1759,660db6a4d1f524ad6016bda5
2787,5588b04ffdf99b7a91e75ddb
1634,655a395e2828d333bae0ea4b
1687,5a21193ba7788f000144a906
1961,660452d6f4aa3a41d687885b
1662,66d9b6042ad7fd7890e06ae5
1679,670fe2bebfbaefccb42e7aaa
1918,584626b7e0ba710001a47438
1935,671cc9c7926c81aacc7cfe76
2716,66def7107a6ec50231ce87f5
1736,67117200eba783d1368047f3
2588,6287a504c4cb277cf781b6bb
2720,628bb39061393e64b1907bbb
2054,5dd2bdc1fbb5733c293e6c6e
2522,6716bd2fd505a62742990846
2929,670c0a6ae04163ea14acaf02
1518,66b385541735e885a466efd1
1411,5bf1c811f5e4460001e03b88
2193,5e9f3f09ccc75a0c345e4845
1946,64619b33f37b524af54113aa
2101,665b94d961842f46c2ef3620
1775,61bb3a4f40db417c1a138ff4
1488,655ff79dddf0c9decedc6e2a
2414,6633ce38def177f3db410a84
2381,6701b91c8447e612baf93f1a
1773,6718a49603af514aabbadbab
2472,64db80772c860983ea3a7310
2153,609f528fba531c5195b6cd4e
1499,66709c6996a21f492918fbc4
1616,6151517926ff8f856c7bc8d4
2589,60fd83ff5af11073b7d1ed62
1975,5ff07b5ee7a1d23e719e421e
1743,6620d6cae03db8263ba0f4c0
1966,62e05a40c77214b0772d5596
2646,62952e5759f31d796e82b611
1641,63198dbc88e144f9eac2cfe2
1536,60fd60e7587e4f2e860338b4
1609,5c2789fc1694480001e4c4e3
2858,64a6e31ef9a471c4f100c91f
2124,66a80b5fe48f2dc8e209d789
2526,66bcf6ae07e40789d4193872
1527,5ba3e0889ac9510001bf1c00
2918,6642bcd931739a1dffbb3a63
1420,56ea4f0df20ef3000b947198
2537,646bf9533847a5cbaac4825c
2299,65daf1e5e45ada925fab406d
2943,66e9f4f876ee6145aa2aebf6
1496,6702f8637843eeda1eed8dd5
2235,558a327cfdf99b2d75651681
2335,6635c85dd8b7bc10073b323b
2592,662ddcfc1103d1acda67d937
2184,5b97f8988ae8150001c7a887
1951,5e24fbd4e1f467771c234e5f
1449,606609111ba10f35596db018
1814,62a74fec726aac54b9e43d75
2114,6466252fc70d9bdc95aa26fd
2409,66d889f9225a2153f47cfe38
2273,66c290bb20faa822520e73e3
2289,66a0302eb014e06ead5559c3
2218,664533b11cf66a44e90f90e5
1433,5fb156d6e16ee65ed2558d7c
2608,66f47421b650b6c39e80fa0d
2179,66954597674618ad4e1331cb
1976,5c3399d8cb218a000176c6c6
2672,654939d4e23dcdbb14d95661
2814,6717f65c3957278627fbd5e4
1729,5d548912e1c7130018e019dc
2231,62ba066a4093b931382ec48f
1747,5bdcd88176d6d50001bc3849
1670,65f4b5d1a054a5cc2f5140b2
1973,664bbb1f636a213e363eb8d0
2959,671b24911be72b42120b8c5b
1432,6711d3a4bc6d78afa4d4ed91
2936,5bf08e67d63d690001360a79
2182,66a72d05236826287427eeea
2568,654e663cb42f01a1a585fa81
1725,5d391bc980ccd20018ac4006
1889,66d5353794a257d22919673b
2376,66ba396a58619b2c6bcf1ed8
2559,66bebe02e300bb97421dc376
1442,5caf9d267118670017240c96
1923,66d520dcb283ff12eb99344b
2267,65da0c93826bdadcf98372a9
1398,58c38ef58158840001b5c230
1602,6150520d0e7c916e822a0021
1650,60fe3f623a905f955c654cb5
1580,5f1b4845cbf55f3192e33b89
1471,60ff0f3f9dd6346ad1246ecd
2241,670d71af070434dddcf04dd1
1737,6554d04c73158a94d70192dd
2066,5eceed79840590300f53fa51
2135,638b951008b4843ccdbc4e15
1487,654fe6af3517f92a06444ca5
1510,63bd9ac0dc52225142c5b1d4
2978,5f032c613963d04d69c9327b
1821,6154973c69da7c97996a19f6
2650,651eea44194fa8c200606af7
1829,664cfc36d05e1ed37dd9f91e
2584,66ef212cf79668f34be612d8
2572,6238dfab577ecd4adb97a917
2431,671aff72a0458bac35ecb987
1788,568c67547374ad000cc7448c
2131,5aa69781dbdb470001ef5914
1843,5a1efc2b517dfb00013dd370
1395,5865ecf6a7f6480001ed9791
2661,57210674951c9b0011d3eaaa
1538,66830d445073aae663d54dbd
1830,646774e0f86825ab62c37581
1649,62df7d2c533b8331660baf2e
2886,6463be9f43494df68cb9139b
1736,5b121d05c85dc40001621bc6
2836,66376ada52c39f524ab6f827
2971,637fcf550c8c455c6098a06d
1438,67118c89299c18c3362ba81f
1978,61bb385d40db417c1a138c37
1782,668f18516826b7151ab685b3
2207,66324192b42e6c1608a6a659
1916,657b2d35769a6ccb16f4a04d
1853,6684497541f835bd67a199b2
1577,659f6995496dc58d821a8cfe
2794,5484655ffdf99b07b28f22cc
1444,66d0a72899efa552facb9a89
1878,5eab120dde58220b71cf6599
1509,66884d036c4d24aaba02c702
2830,66709d5de1ed04d2139acb78
2507,65ad300c055bfd35cea2ad78
2314,66fc30026d1efebffa0e5066
1659,610c0307782b54307339d806
1541,5ac440da9534ba0001c736da
2895,663633059d5ba66fc519115a
1825,671e02770b4bf2b5affa5487
2967,5c51d7f198b0ff000110dba8
2921,583ec287ad2f4300014b355a
1683,66480b43bd7049130ffa7047
2550,66f99b8e907d2350127aa0ae
2567,672262e97fb3bf8a0201565b
2835,5ebe015ae70ab70008895dbd
2174,5e04b9be7adf4bf23f066a2a
2461,66285c7950083c974f23ce6c
2125,5765c0fcf2e23200017ded5e
2310,5efd018b8c837e13097c0cbf
2079,58a229e74d580c0001e0a766
2599,66de057ab63a3138342ab763
2206,6229fff149374541c22a95bf
1677,666760f729a54239383cf1e4
2941,667b59425036fd43892ca528
1885,634656bd2603b4db42ae94e1
2163,64d5092cd7108d1abc6031e9
1732,662e89416a1d494ac9e84af3
2252,66fc5449b01dd9e78335d454
2755,6709d78383370accdbe49e22
2317,6695745ee6d6f8975139350a
1890,60ddfe929fff846f04cd2c95
2239,66542443886956553bdc4a9c
2043,5ae11f9709eae20001132c22
2793,631f55697876499cef1a3ebb
1982,5e4ab91021c015000c3b74ed
2938,65f8addbb2e24e6a91bf7911
2374,5c2fcd716ea6880001dc8e3d
2313,66661b49621ea96feaf4f6f3
2115,658121a04136c30adcc5c7ad
2228,649b2106b81f8dcf5d163ee5
1535,671d58f76b149a630fb02af4
2809,663b3cd9b4bc0cf85ca49e2b
2455,65a7df7c16fa6566fcd54e4e
1451,5f3473b0edba9239de777f84
2088,607c9f94cc974d4ea1dc22c8
2831,5f483fcda023e1304ce86119
1560,65caa48033ea8ce51aad7457
1639,6624638357b56eb340c8f109
2340,63c3118da7ffa9c9fa88a10e
2707,66c783884389818528f0053c
2639,57a6d7fac6144900014a47e7
1514,59e29e405de9b000017ecebf
2013,66a80aec6ae8fedcb9bbf021
2866,663d88b7d70cda2f5b4f8daa
2460,665a2495a0c87db18a2693b0
1771,64da2accd7f18b0adeede7ba
2775,66d0ed2a8e0a2e0d9681aef8
1470,5ed9c285b8c16356b385a97f
2004,597f662f89542d0001517d78
2139,66b538eb84276a7bcdf599ed
2896,666a1de4e065fe17f7f50adb
2350,66511b0483dde5b6da54f1c4
2544,63e69728da28e991114aad46
1561,5ee00ba7431cdf357dca02ab
2047,5e5553e6bcdb1e55a43c78f7
2667,60bc8860d04f4ac80d319a5c
1403,65f8882024afa128919c41d5
2117,66ec67236e5f0ce91e10415a
2022,66afb72c946eadbf30ce5575
2821,5be9a0ed8be5630001a7ecc0
1505,6154b0b9c638eb2b8b147def
2160,5ba6a5a87c0ebe000126d650
2607,66b654873ec43b76371aadbf
2712,664268009ad967932d60653c
1781,66d61c3a97d5a0cfa40997dd
2360,66c0df877e3dd5e2c1966f18
2377,66c3578812da7fda730611d2
2346,63f8ce09e792bf06684febec
2236,659c0d01b8ec64c5b142bdfc
2011,5c48d9b3cd853b0001287890
2304,60a1ddf39ea00700d482889e
1524,66463c2fcb6f36780b6aa96d
2741,66b526c9be341b402a506770
2082,661ecd8cc417f5af7913161c
2825,6670e05a65d32df6fa3e7560
1576,5ed478fa7d20a043b7c3be83
1956,64602202550aa320d8de4330
1872,63d228d74dc841d4559ad87d
2579,6234afc11b0f28d2f618991c
2621,6150f3191250f2a12a607e82
2315,5ba5d8b960f3d50001697104
2525,6664baefbeb8f55c42a1d2d2
2923,6674d20dd828915161031f65
2057,63d42d3563ac982cbbfe3300
2296,6675dc105cde54e8629de98b
2345,5de27ced22383629b807cc70
1637,66548a3de802502ed02ac6fa
2410,5e5593e29a302e59cb575f46
2185,665358f21977781e0e8e6e2c
2032,5ef035131f1b2a546b44c391
1959,5bd8fabf544d4f000141d94d
2095,66ccf5bbd3201466d13955c9
2173,661e903694dbd53cd9851ab2
2038,670791d10490841a764673ed
1735,664d19a5b229fef83ed1e237
1688,641adeb9f2a8a9f112571e78
1414,6685e7ad0aa0c43dc0f885b1
1926,66ff13e1246c245aecea5ec7
2469,5ca8ffbec942ab0016cfe9d2
1450,5ddbecafe2e08f000fd60e39
1701,65a67db4294f15985408e644
2693,62b23ec52d823af70d023ca2
1796,6286b299b72d9737157f9a66
1513,55a91791fdf99b62b606c803
2714,67104869a47a61b561900be7
2094,66df47a9c26ea6aa4a71fc0f
2740,6650ee988709a4266409c5f9
2164,60e36d56350e661cf50f2c7e
1922,5f481a825080c619ea3709b0
1754,67188bb39b1fab4cf51cc79b
2700,66c541a185d3871e429cabfa
2356,610bf7cca8927ab1b8e4fd25
2272,66c5e900e98b4d0d00fed9aa
1578,6604554464cd4e5a1f425e3e
1726,646c323d73a3844a4331e09b
2611,644937c89b446a14875aed54
2456,67043acabcc710a30135cf7b
2008,65c12cc818dd984dec38d172
1664,5f92bb81a4643a06a71e9b61
1469,5f525cd7d4ac644f3330116c
1554,5484620efdf99b0379939c6a
2482,66c9182ea642c15ecadc0bb7
2281,59f226a9d6380600018b2923
1508,64db7a4850be99df7d90917f
2466,64a2be5c2053c3002cf8bbfc
2780,5e0d256753e8464d64940925
2878,546e3778fdf99b2bc7ebcff6
2664,66cbc2627559d53c0e3e4ac4
2649,66a97032d252862c79b4edcb
1904,5fa72c1c268731476180c2c0
1792,623a732198d2a11b21faccc9
2852,66e44443d5be0907ea259fbf
1908,62694f79608ed29b7af936b1
1987,5ee93810c5c13215484b8336
2891,66e36c2a42057ef4775c2595
2511,55bfa394fdf99b38606a5176
2120,64876e8c1a6f7c303a92351b
2257,66e0f316a0095cad21c39447
2699,66810a37170f66361f962adc
1563,5e9389d87d6dc1078fe0ebee
2631,5dcc948ed9873592337ae827
2430,665a7fc4fe1aa4041807cad1
1699,6443227b2a451d1c03771012
2832,559d303cfdf99b7e7408f0c2
2253,55bfa58afdf99b339da508c2
2519,66d88375799e00b593a8655f
1971,66296576ea9cd406efc12f7c
2248,646619d0918746fb726da63e
2192,668ebf594982c57c983cd910
1950,56259489ed6e5a0005c80fde
1911,66688336cb6b5de159df075e
2397,63989b2518ec5ffdb2afd95c
2932,66dff19f31bbef48a3543cb1
1492,628545039fd5d4d5db5169fc
1768,5dc4a52b655ad2371b62dfd1
2628,671ae9a61ae24c9536e8a5cb
1401,55a7f195fdf99b7508d7d886
1756,66018706c01e679d6442677f
1931,663a5c3c9ca80f412652721d
2014,670b105e0b594302e28a41cc
2021,6400e07f37c248e81cbc9d41
2912,5e8804c63ac81448c5ab0fa5
1575,63b5681c49af1cbe651420bc
2384,66436e0c091888a5fc85584e
1675,629e1261dc860cbee1a8be12
2954,5a21f3731a1ad3000138f901
2337,65fcc10f1b8021c98cace561
2432,65d22996bbb5b1ec274b406b
2576,6659faf2f7bbb47f4645a99a
2200,66240955715b3b45903381ed
2025,66df8a08c5adf9288b808641
1588,668ed736a1b8272b324e6c63
2800,60ba46dc6d46a68f1c0bc952
2605,666911bcb2b5e2fc50ace5e3
2733,5d3a2d1da46f450019cdf5d3
2739,5c22f28d70d93a0001201738
1629,5e07d174da6bad1342bafab2
1556,65da3eea69d000ff2dab1e19
2361,66311dba5aa1ab2311dbe237
2933,64bbf16db125b5d6a2f3a911
2874,663cdcc4e418fb80dcd044c8
2704,671fecfe0a8c43a4c138031e
2558,66c24efe8fc5dad294993559
2085,66aea3d5fc7f19a3a280d5f9
1681,65e82ba52cdc8a8fe93d7de4
2319,632b9d9bc38454f47019295c
2964,66ce77e3d21bb5b5d6a83d37
2427,651ae57627ffac02d6ffe7d2
1644,5d0bd1f57b7e3c0019a69350
1481,662068c33032a9ac2bbea541
2209,66d74e651732e1614c922308
2564,63acbbe336a9ca92853dca4a
1600,5d18299d59da870001c41cb3
2065,5484739ffdf99b0379939c95
2300,644c0e49c7aebcba935aa09d
1408,660d53ba27881762fdac009c
2028,615009a911243c691332e533
1881,5c5fc78e96dff400013607a5
2905,644e70a29cba8cc79d738a7a
1915,5e614c386ee9b3017b83e4bc
2501,644f162cac2c2b8aa0583b89
2382,65e59e30770591970c0b956b
2165,66b98470a40cc5d77ca30d7e
2539,661c38568863541ccfbebd67
2799,62926f5a375553f13d68bc92
2760,66dddc27063d8d8ab885fd59
1583,60b5de64071568319511deff
2287,5c7a94dc8fbcb100146b6dc7
1972,57d2f3fd68010e0001243313
2271,6681e05e37692ab271e02312
2730,6683a249db9fab37b2d5ef79
1977,5c376ea0eecc440001c58889
2911,5fdbae0584b3a90525410347
2784,62957302ad8c1756b553a298
1846,603e27e4689f94dfc6590465
1770,6658bba1a51a037d25bb677e
1606,62a727b17f560cae1acd70ea
1653,66ccc1e45771906531ff13f7
1475,61310db855a32fc69c440550
2686,6665bd1b112b79e87d0cc4be
1947,581e0aee4182b600017307ea
2718,6714816f7e2a4f2e612e3bd5
1682,5bcbde9d08a62c0001f86bd0
2944,5f7b8d1186b828165dae8e5f
1543,6117ba4fd05245c3cc387782
1778,611994820071da2beee434ea
2105,5bf408f7f35e0c000101693a
2666,5c110067753adc00015913e3
2187,615d2de8bfd11d57af47423a
1753,592ed8978ad1ae0001937919
2590,60fcc7bc1cb27f1770cc7ad9
2279,5f6fd1451758e95a989623b2
2946,6689a270cebd22bdf109203d
1529,5ee2d96eac3291203650f16e
2485,66bd2f936ab3b23d4a8abbe3
2804,66b622238643cc278e324910
2215,66de5b5cc419602e42139b1d
1581,669bcbcb713273ad835961a0
2510,663d38dc09420dbd2ba3f617
1436,656239fc8b1bd5f742709eb0
2512,66b12193924cd1b40b61f7a1
2092,62686c6e90a0f6fe0a6c646a
1447,6553b81c575bb32e19b23af1
1805,66e0e89a8ee1f9a242a56750
2133,6708a317651eec830db4b56a
2702,66880bd9fc1509787faaa118
1955,6684486c3fcb6d2544a8dfd4
1676,5fc8a956800c80232e0b7a32
1638,5e863db644d87426bbe2e92a
1456,663654a97ef33e26031c143e
2282,5a8dc255b093f80001a82a3c
2046,5c2414b8101408000140617a
2677,668b125f5253fe2c98f85488
1480,5fec16300479d788a935f041
1979,667eb62db81d7cd5426c866d
2098,60887a654f55f863e95ca944
2301,62cec3cb41e7c7bf53ff6191
2613,669c13abec22054c1cce02e2
1861,6313a3d93104022e9b8a7318
2104,66a3f582d7dd72932567c122
1627,66114844b8efff4b2af276ec
2779,66b271a483c363838de07a98
1680,66de2dc3da33cc5545b60f9f
2219,5f828002935db93a4d29d577
2076,66fb245e0d8b295716def17c
2363,66a7f83a3e18dd8dc65b900a
2851,66b64442f780f11acb496415
2953,662bfaddd28b1510ac391486
2471,5c03975936230300012948ba
2347,666f3d1b12b81506cf77cfc0
1981,654274da9d849435fdd00d38
1443,5f04ec73d60d5a17848b87bc
2581,6672d7c8f27a75aa9998abab
2816,6696b441d9db6dd7edbf66fd
1785,5ee142b292607215593aa9af
2421,66116b936273edeae82eb481
1565,66faceb135298e46b7f7b021
2089,6681afac2b90547e9fc3fd83
2620,60fe3ebe79bcffa30c2aef75
2658,67099bcb59199185f719e426
2108,6332274d72eff2df47171a78
1698,614f6bad672ef7cf5ecfd965
2927,6393762f53bfb428985673db
2362,6639047d6cee07457d9c13dc
2540,66a3abea74c055f942b59cd7
1393,6702c46497ec60cf80552a4f
2906,66e7d64da141228861af7685
2405,66d91bd68f2ca7df0a6253bd
2010,599da50e17c03c000151b18b
2745,58ae59babb9e0f0001acb414
1624,661686098da7fc956b54a0df
2373,56d8e4a9d13f6b000e542f4d
2724,64056843d93dab3b9c4de01e
2221,662ab30e6ff73286f7f20a5b
2250,6711c745bcc0626c2de36d07
1949,66d6270bd714afb013bc3285
1945,66e0813b79955faf3b6017c3
1614,66608e80ff5b25b337f4ed96
2837,66705c6ebf60d8ce1793e4d9
2776,6690279d5997bd8526c65742
2056,6510652e8c348ca500c8677c
2738,66511d6367b8b8468d9d266a
1693,5dd32014b51b3e33ec0d07cc
2451,616d94407f0e63a61e856056
2005,671d346365af537d709650c9
1652,665d12a2ff49fcf75675540c
2341,5e646461698a071f2f15423e
2018,62733b8ee687326d23d970ea
2555,6664a1634453306b040667c8
1991,66546836a834424c51b369f7
2467,66ad7864e141e879379c5747
1482,5f218ec7604e35564a7ea1ea
2731,663156d9d89ea77db0412bf0
2582,66d87f47973160be7e3f8e3b
2195,66d76d7e0523ccc0cd1a8606
1851,568e7144e3ef9e000da20149
2843,66df03e3e582134b3e095588
2465,6634f6c204ff920d50bc64a0
1472,66a01429d57ec59c01d7d656
2903,6110b7fdcacc9830ae87a3c2
2548,63e2efb080652555c6d566cb
1464,5efba90ef81cbe13a3d7df40
2719,6595a5cbe675d0fc372344b9
2879,6634fbaa34b0a722c13accba
1455,5f68cc35f5d6dd0443562571
2422,636170aa8140956fdb365473
2262,667f689ac8f890d0ba3d1097
2181,5d9f8573ce3daf0015e3e400
2940,66ede43c37f73f556e9cdf22
2834,604bd44cb5668ba12cc9376e
2566,60ff1981688229d1e3eb43e9
1705,58b2338a898c2e0001a5ca56
1845,66c4f82bf9db459ac0f64ae6
1942,5e7acbd0373d5e0c087a112c
2407,667586be7ba4a3c9d0aef088
2892,62c97a70d02df972bdfc2718
2493,66e46a2bc0bec2aa9afd07aa
1800,663fa46cc22bee47c68ca9a8
2390,66db57436e245785bb79ad61
2423,66f73f8ed0d5f123106d47a2
1621,569298838d93fe000dfa033c
2930,6655ca0288143469fa6f473b
1745,67227b6a95c02df067984f28
1826,5ab42704ead3eb000151787d
2109,65ff0f25be498d4a99159934
2278,663e5bec6ff4d08e75468e28
2156,67195ce0322d3935df36e8be
2513,5f73610089f920075dbb129b
1528,59c266758e6ea10001f7b6d1
1791,5e2bc60977d2c7208b30a554
2864,5a8cba1a8fe2dc00010643f0
2323,6685abbd83e060274844e7f2
1859,5c6f2e7632cb70000169b490
2640,672111e0130f48a8abfdf0a1
2517,5dd1919051c6d2208e27fbc1
1731,63d7f3f795d4674597d533a1
2861,63c5c3192e709e19fc67d5dd
1874,66a3c8d87f5f1f558600a3c4
1463,60d4ecd22def4bbd52671db2
2952,65d8f618241c875c58acce12
1998,570521cfde5095001018a0c8
2330,669568cd1a4b4330eef514f9
1952,65aaa1235c45fd8c1d6fadc9
1672,66fb00df4bb1b62dd2d00b15
2871,6051536b3e81428095504b35
1592,5f03ba3355b1f25f0e07a7ff
1869,6626b05a15db572c21948eb7
2495,60cfdcfdf8a3c6c42dad17d3
2483,65ca9c729a13f898ae374552
2388,5748814f7fd0ec000fb6e5bf
2907,65fedd69bd65bd4eab478192
2947,5de831cad4995d000c5fb540
2637,65a44479e2b9a23db776bf49
2458,671df4c4d2543b67c0f0f169
2928,6324f7f3c58b003e512334e0
1721,66088c59814ba8c63957669b
2623,662966f0b2169f8047af1345
2305,6660e87571cd35e3fdd8a0f9
2229,66d0a375c1c8aa9cac493997
2503,664167adcaa569ada842f8de
2593,61539b3fa541b182c0fadde1
1467,5c01dc58067bbf00019bb318
2652,669a878ad1cad8cabb0ea7dd
2880,6480bdf6d433e2e158870605
1839,657233f28a2c0bd37046f92a
2505,66992658eb80f2860c78c698
1780,6103a6a5b1d93e18d85a6f23
2788,66a66556fda4c04cfe03b2ff
2365,67028e3c5308fc008653cf26
2818,64d5200af8a61b7cb720b708
2792,66d5bccce3bc16e181051a0d
2561,663d1309389a0851c125d533
2244,5e1fc8d45427912f6143b012
2614,662f93c33fe9ba41a6319363
2683,668c0ba61ad563eb5505b22a
1500,60c8e2c1482a0e38b73e85a7
2216,60d9e7e76cf2ab6d21eb5f99
2798,62db76a315d362749f584469
2691,668c0bc95fadbd0e93071351
1867,5acb7b0ae1099600016acdd6
2169,6384e9d74fab6797953b3c11
1808,5fc134c704e715129eb5d720
1965,6431c58ce5be91cd5c2c5d8f
2143,66cdef1ecb72020268699823
1405,5c3ed962c2d0b700017cd343
2765,5d6fbd3f9ba41b0018d20082
2083,570bc1ffb9b52b00102db939
1418,62b1e4bc0e6f524e048c4fcc
1766,5adeb4e9f6b58c0001fa70aa
1996,6112af4b31c69595160deffb
1526,5c979fed3926fd0019b6c87b
2627,6716b96ae7ca6e212ef6243a
2211,55cc7cfb74297e0005235c27
1448,5ff37fcafef4d1958f4ac4a3
2857,600f9342e7bc5518fa9ca92a
2711,6712a5709d25bbcc52735f98
2920,5dcea4c3bc83380fe65dba2a
1762,667ef3c6b1ce7f18e774b31b
2155,5d250fc479eda70001d5ae29
1875,6294cfd955c45345ed61aea1
2654,67136e9e817693487db46953
2212,6643c77e0c522dd6c4be1bd1
2844,62d140d43079cdd60f42d39e
2269,666b16c3f185f92a92c45d42
1562,6516f058454fb02e71ca120a
1905,66d9d8108156d32cbe34ee6f
2188,662955551c269d34e025b81c
2715,5e27107888daaf016b0daada
2508,60e36e6ecb9f00e7b4dab92e
1765,601d4c8586c49d04ad8f6df0
2441,5bcbd66377740000016a64b0
1636,6646728bbfb8084f4f45c0a7
2230,5de3c365fafd423bbf0a50a2
2951,6706d63ec00212d3b3752d08
1903,65f9d993d17bbb6bbe71f67a
2552,6144834d136ed7f27d2dbe60
2069,6650e129f8317171a2a81b2b
2527,5c926d2a0ae1ea00156f71a0
1939,6486aa634b94f1dd568fd487
1494,5f402eb4fbd8df145068b805
2751,659a020091e97f566290582e
2268,63bc6b49a80cc5496df4c897
1572,66d62734985c822b67585824
1925,58a53fd327c3bb00014e74e2
2189,60b49cb1dc5470789edd23fe
2258,66cd0e7697da8a305b69c66f
2214,5e9f39f5ec145e0b5384a467
2925,55fa8ff14f5140000d296897
2695,66541006a1dd56700858320a
1419,5aabd6cb44adc700014c865c
2142,669fe153448a8b15cf4b12e2
2860,6268a3f5379f921275a284f1
2479,670211aa7578cc81a0c41fb7
1832,656a1cf88a3cf09f538c6f25
2882,66aa3642b1885fdf7c2b9a2a
2352,65e6e8497a3bee641a8ad99d
2194,63e461c4bdc3693c05d515a1
1940,611c0f606e7c5373600b2943
1730,559bd307fdf99b7d0e839549
1532,66e450e5debade667a1c5f38
2152,66907bba032cba716fd17636
2499,636d19c8d8a6c6ef4d37ff41
2044,6228f5506248f4f80a39008a
2333,65dcdd8a214a774c36a0714b
2220,63d14fff9cb486c39dfbd8ce
1749,6639407ad42e530eb5caf79f
1696,570d22b35e5156000efd8bd5
2913,63cbe791de660535b4761f79
1489,63fa78f21e485a372c6528fa
2264,6648acc2d8f61a601c3a37ac
1906,5cab69f77ea4a700019a87dc
2399,5b2eae5577b17f0001c037af
1774,59a1e22bfc15d200014ba09a
2116,62e029ff528ea30b4508eaf5
2138,559c3e07fdf99b32b55f2d8d
2889,60a2b9a6ad671cebb06f2b0d
1623,660b4557e039545d9750868c
2090,66d6291becdb6fe3de953ac5
1465,610c54c190d4d2399972b294
2728,5add6b6aeb60400001536f2c
2476,61bb396b40db417c1a138e43
1423,5b9bca2b948c2c0001fb01e0
2785,6668a638ee51b4f1656862e8
1595,65c119776823d23787ac61b9
1468,6106dff95e2948f146c25d10
2073,6503144f9a10397111eb3eb9
1757,666cad20b467bfec0cc373a9
2029,65b6bb9487ad05cb475fbba5
1712,6679fce572cc2e7049c02f63
2102,5c0ea3b7481b47000182320a
2500,5ddb5ed4a64380abb2907440
2965,647ac61038145315017a60ae
2815,65d942ce4ea2fe978c283416
1493,638144b112820e51c06fb151
2497,670bdeb3587276e0eccd14df
1901,64947980de05e8ce37b3bc98
2668,62c55056993f53f1e8cf8e30
1728,66d1d8685e4434647ba99bd6
2547,66a666619535a4cadfb15bb7
1582,5758a78d768081000631a322
1430,5a79f14a8fe2dc00010593eb
1534,67052d3a3e3bc29d87bd1793
2059,66469ef793a8127e49ca1992
1957,633e327052bcc8b44d6e0d2c
1625,60fab1b96bd45f60d1b053dc
2344,65a8700c0279e6d71af87a3e
2343,6633e68c74f4d23c9ccb9c9a
1549,671bc9629f941cfef96fd301
1417,665d8b6b243c7516661094f9
1801,663e3c1efdf78c3a922c9d5b
1396,661ee735d1619c1f872b98f6
1798,6637c22416833cde27f2923e
2565,6720fb90f91b9de73744216f
1789,603d4b59302d07a6d9043acc
2168,67220a9953232d8b87abfefe
1907,64527892acde0fbd392a41d6
2710,663a8a591f436a85bb4d90c2
2129,6643ac8b5817fd2a43298619
2632,631ab79e8635a1df26319958
1589,56207820ed6e5a0005c7ef19
1823,5f2058f49ba2a80e803b2614
2149,670d96cffc851ab9f31d56a4
2557,63936bad01efa1e55f6e149d
2354,666b44ed662a3864dc13b118
2790,65c11c5251627889612424ba
2749,59894fbbda239a0001fb8e16
2885,66b75d263e993100952a197e
1806,663a5c3ef84d9c74ea3c07a1
2865,5edd9c900d7fc4ac81863e5a
2888,5be7a4f33b047e0001a3a4cd
1457,663aba8df8839918efccb2cb
1571,5e8a5f27f35994098ee9a4aa
1573,670d2a1373e227c0a1817767
1685,6639768649728b5b7fb8bfaf
2170,60d2cf988de167c9da56eeb0
2862,642ee1cb7e6da0f6158a6743
2669,6604756a4b9609b721a433dc
2077,6600d2e11af0575f95dd2364
1967,663a5d3e48441f253cc57071
1822,595bdc5b57e9520001f78eef
1559,5e29cc3230cf9d03580c34bf
2701,567dd32b4f0ef30006dbb718
2111,5f0cc2ab16b21216d946574c
2678,65c6c2ba75830293a68fe774
2245,656cc280a90fb5fecc2b3031
2489,66fef3f81fb8b6ae45a5f44a
2694,5b1daf2368a5ed000173a394
1498,661f18c7499ba5532b29ce1f
2624,66b02b0401476a92ff0709fb
1599,55afe01bfdf99b4ba8045bea
2247,6489db7cf28c81a0fe36111f
2331,67194b3e9bd0549dc53e398d
2366,670e735764f379104d34dac2
2648,66ddf72743367a46258db236
1795,6296290ec41bde1525dbb77e
2587,65637f8894d42b4d111866a3
2898,5be2e7e491deed00015adcb0
1458,66d742984037b4ee1f71e23c
2656,65de3f6558e2556c9250e39e
2446,5753046ba6deb50006d64b0f
2803,5ef90b249bafa50a311593ae
2049,5b82247316aa4400016aa924
1611,59add1735e7f4800010ef002
2516,608bfa04767191aa4d57bfd8
1710,65ce90640fc477060a80dbc7
2795,61536cd5842e5b40639fa99b
2868,6633e281f08a156a04a3379d
2130,66f9d852f1639a2a27c53f68
2017,64836981f87b85ab4b89dcf1
1569,66ad23d8a04906952ccbe203
2019,60eb1a7c95641da67ae7d611
2697,5b233660648d5b0001b7de87
1415,663e7e85449ebc055cb547f1
1988,671fef4fbb7859f8518c4ab2
1733,6126ecc3ebef11936ed8bfcb
2651,610a151c96de07b15f28c8cb
2610,602ae77119eacc1b925f81b3
2459,64d523f4ad7f5e602c479ad1
2031,6533ed4d1f4d40995d982559
1426,6423819270683029b2481a4c
1820,62f557535db76f7f4ab860c7
1661,6295270587394aac7ce600db
2811,5b1f185488ee7400012b4b5c
2464,612fa6644526903f736cf925
2086,663cfa07795619019d825ae6
2960,61112c64f86b9a4c8ab91561
2744,6656019bbcdd22bc6736b43b
1744,6654272fe3b6fb9341e1e2ef
1868,58ac91c38bf22a00015b91b3
1640,6616f043e7f45c6f53f08434
2326,66533024e61763d354bec627
2961,6564e143b65aad826f6cdf7a
2307,664fc88e589ceacc92930e9d
1902,65181c2f753b188afdddd2c4
2371,6639047d6cee07457d9c13dc
1914,63d7b776a9923fe2a69d36bd
2002,6632404d369dbb28fc6bf5d5
1697,5de7ccc24b7cf973d7b05bfb
2106,63f78bbc455f0d82027e1844
1557,5f38e87099a44d40b79e5009
1995,60b788ecd24b27bb39298936
2924,5eb2220339aaed38706d2ed5
1615,66e1b32f8201541db7bf63f2
2488,6691809035e52ca9b2b0f39a
1793,62891f0c151d0193dd342f81
1815,60fd94ae784b865b08f530b5
2606,66e1db013b5b9c42283af192
1540,60fee1a0234ddea6fd998ba0
1452,63126caf43d014aa6db9a1d4
1669,647772cbbcf3dd8797b10f9c
2288,5ba4057af0741400010637b9
2080,654fc6eb3097bf717a4a4ead
1716,5eb6b8ee9351615bd9d99fde
2146,66a2ba0ab98cf9afedb70111
1409,5ab09384e1546900019b154c
2585,6122f332c9f0e8bb1209dc7d
2400,67028034a721c2e74e26a8af
2854,663a93fe3e8d9c38e278fe5a
2061,6696f8f83836af48f1810ae6
2826,5e84f020507cd30b367b2624
2520,644a9d92849b27eb99202a91
1603,667434ac57d06c90c3261d5c
2368,6143af8721d1445864c4f6c8
2845,6657dfb8398d0219af04a54a
1704,66514573b9a70d7b816ef18f
1809,63d152b798b6954741aa5015
1462,601b4d05d4fb23495c435af8
2444,671c0990e760fe47225e561e
1700,65ede39a8095cd5a4371b0c3
2636,65c15a5b2e5146577fd1bb8c
1655,60c969c12749ced10866921d
1689,66329767cb85e95a0d3d9d55
2275,6660f50ef125b9745b2e8adf
1667,6680b99725961403f1c3ee3a
2276,660471517eb2df29a88092c7
1727,66baa1d8d32d2acfdef8a749
2286,671ba9cb6c2d82db280c90a5
2833,667ae31217cd77ff1091dcab
2166,66d63bf354de4c20d9369e20
2713,63bbcc34e88bb71a8739e9e4
2009,667c7e31f533f194d455fd34
2708,6439782b3cf9cbcb4b1d5606
1741,63e53573ce82a79c4b32c576
1441,6272892b05043371638ee032
2328,5d8a64630ffb9c001746ca2c
1739,5e13ad514c81b2a01ae4aa9f
2295,66b5038047257d743ef1a3a6
1937,654a9be87e185971ccfbe5df
2824,5f4ff67ab2c26c14b484ab03
1643,64eede50d732cf4ab3e590ad
2322,6111216b74cfd482d05ac02b
1802,66dc979787b46dcd3bc6d38b
1919,660dd208b357a712a8cfb771
2870,6715129ec9c5aff7db36d7e7
2789,6714cfc889921cade287356e
2309,66edfd0393a07105ff1c86a2
1601,66e5088b07a0dbc1ee06dfb4
1862,66e241c38bd986ae7c807a5b
2234,67180431dcf61775945a8a5d
1787,663cc73f823755023b78ccff
1512,612ba4bfee20a1ffc86116f9
2334,6148f3d1074988c7852c1774
1954,66463e10a23c0e7c4e43bce7
1786,665f686fc1e0c9a3336e2aac
2580,66869df832834596378edf95
2808,66c396ad1fd21de8d95c3921
1706,5f17019a10d37701f3dfac80
2735,5c322ff624d16c00015b1818
2534,5fa5c59f357d4e15bafb3b5f
2151,62d59a066ee263bb659aa445
1777,6661e691ae0e744ad70ec38d
2822,66567ea20a512b56a661fc5c
1836,60fb534aa3d839c152fa8f36
1844,55cfefc334e9060012e573c0
1944,5be1ac50ca095c0001b9f717
2696,62d3864d8929960c0bd35335
1445,5a6b7f02e6cc4a0001b6a591
2533,5ec44da606cb7931f04a35e9
2786,601736d3f57edd250d376de9
1929,5e3f4c676d06fc1b240e6021
2208,66f8367b5310ebb97346b93c
2372,66d72124d778efac4645d1d7
2412,66aeea402caf8dc1ab2b56d5
1584,63d404c998ba54d608329c33
2261,6636a57a5adc1941b31f38ff
1858,663230c49c03d1591ce2b92b
1399,66dd0ab283786057beb61079
1539,65b537602cf1fbd4f77c7909
1750,657f8d99678be2d216a85c3d
1707,6658a148b6c6e88e24cca4e2
1490,614f472ccd42769f8fa1a07f
2577,66e5bcf611d0bc991efda653
2781,66ff019af06f079800bd525f
2199,5a6b53f3e70ca900017ab75a
2931,610763db336c7d883758810d
1631,5fe40aa4dfcbb916af9c599a
2398,65453419d3a6a9b4aaef544d
1674,66ad6f2765f2ef7122225388
2393,603a9a4cf130694f1c1b46a3
1807,6722b825ac3ff9bc6b55e74a
1520,631cac092b46f1e98ca321c3
1552,664e11678c111bdd806510d8
1847,67178054a368314e6afa5ed4
2198,5c4e3977c0783c00016936f9
1863,6630e01b7d69d22b8be429a6
1722,6572244f5a6d2b943074aa73
2159,662a485ce2efe92cb7d7d410
2205,5a233c5d7413810001521d8f
2819,664fc6ec0beb5400a141b77b
2812,6701f7d0e2536e9be11c50f0
1734,669a8660d4a57296b3d666e1
2902,66c376a5de57cc99a8123477
2574,6654bd65424c53a764dd9d10
2320,6673c06ef972fa4885e8ec49
2972,6234b2b5e6b80ea7060d458a
1740,57597452e8feea0006ef8805
1551,574ce0a57fd0ec000db73aa6
2709,5c5c70947676860001fff825
2600,665815e76167fad10b2f1f62
1389,60fd0594288ddce37ec599d1
2027,5ce83f6ffdd26c00193b9611
2846,651090beae417ded35c4ef2f
1413,5ec5658b7bc176386f27f9d6
2006,663ba3fdc11bf9fcf38072d6
2457,660dab898e5abe34444031b4
2509,6539a62e2aca92b2617a9693
2007,5c3b871cd1498600018cdd26
2132,6636e5ffb1e341fa2390a2c0
2722,6175eab1ddb5791df88241d1
1703,66550db52021ca4ab715cf22
2973,637e447c16e05f6828930612
2312,668c3f5b0a7418fedf682028
1385,<no-id>
1831,6519814843aa46d52ff07e63
2766,64509bfcd8d8b7e61f801e95
2161,65ed3d39a6328372037a918e
1837,5ea89d0c5a0a9c12978f8263
1909,668402bd764a366c27c443d3
1400,661412c46baab549f64e6f6c
2612,6707c5f6246a6a3107b9370a
2311,60a6be72ccb15020f04ba501
2976,647c65c5acb91c89819c7970
1691,615b613de1aeca77a48c4125
1633,5c77825c0b94ca0001411ed2
2762,666b4b7238389462d039c5eb
1446,670e8c1b152066063b12e080
1666,65e4b150feb15ebecb2fe5e8
1784,5fec060b5ce3ae867e64cfb3
1607,605fbc12c61d8d10250f6e51
1866,5b6515e83662a8000158b2aa
1647,5dc483cf74939e34e55c3619
2122,66eede654c7f155293e7919d
2201,6554ef5e92c434ef5e724664
1953,66772da1add67a4a8e713540
1818,5fbbe3a696d6300008af539d
1486,66d65d2d28ff7103f64119cb
1718,5fefaa63238d4be5c34c0d51
2642,63e885e4e1fc973179d56f63
2849,66cc8c5018e31d14f4cc6cf9
2840,66e039e38ef91b78f1737632
1833,66313a1d5b7e48589182d3c9
1813,602f329284781fbf09e0cafc
2827,5c8198fcf29fd90001a2b9c9
1391,66ca32e7d444410662e883ef
1628,622f7f35376a1f92763ddbe2
1421,6719ce353316db96a1fdbdaa
2332,5694e7b5e0c800000b5a3841
1992,6164f0d4bcacb419327b7f91
1989,636155035a53907e8c192d5b
2042,6634fcc04fdb39573179fb61
1897,65f37b2a052a9616b7b9d0f2
2692,640e04b278799b47b29d4ddd
2597,5fbb062e91513797e214827d
2424,66f1ec7df36f2dd11249fbcc
2867,66106cb0a3498a31bbf902c1
2370,65e92b11464eec9e7ae86237
2979,663a59e617a5df9782291449
1879,63e7f2a754618d35c2b61ba5
2754,66d0a793ca476a159c35f494
2438,5b757a03976ecb0001b1168f
2617,66878fa9dd6644a29174339e
2863,670036c19ba5a0f559369134
1709,670e4179a6f380b88be8c20a
2406,66797cfa223ce836775e0038
1819,5d4b033469a77b0018f65b19
1642,66307e4c8f944c4ca34c5798
2068,656b41f51f072c502ba33821
1422,66b637cc9e9cfec2e6ae7aca
2483,5b9095901e21c10001e9e8ee
2180,604a7e9f84bf0e7937200df5
2433,664bf2201abae3378784ee1a
1558,5934a676e7866d0001618b81
2687,5cd6c1197b871a0001b13589
2232,671b0847f6e660a43ef94b3e
2413,5fbb89e20ddd50a66ab62a67
1835,5b5a822e1ad8270001c4f28d
1711,5920b1f62b529b00013f3214
2470,5f5023517ef2f019cf3ebb57
2415,669d6d17eeff48e26e8de5d1
2838,665fa530b8211326822c5a90
2498,66d1c42ba50bf1d30bf11fad
1668,664643107cda1c6d5163ad10
2635,62dc177e02f82aabb20aebc2
2698,66f4f022212140211220fd3d
2150,662abbbd221aa09150316f82
1857,5b646a727c39ee00010a18b0
2586,66890710c029d0db22c443d3
2037,65ca888e3ff4c0ca5294bccf
1548,5dd33f6b2091e93579973754
1392,664b4ee7073fe3efd22223f4
2096,65b19df28c8632ab552cc1d7
2091,662727247687607cf8f38c18
2758,6640be7edc706d4622dbab1c
2674,5c3c7913b4f22c0001a0809c
2759,614e7ad7ff5a0d785d5e550a
2395,5f6388bf9ae5ad07ba1a0173
1783,663030c6f9b697a222a881ef
2325,66b5830fb162e9d0650ff37d
2541,6272eccadd98507271a651c7
2575,65631b21aff167a83105c476
1491,63fcd09eb2a3b6b7ce286a11
2172,5f46cd85e858dd0a24269315
2093,6474a86474b12fd778ae530f
2203,60833ce5197d68cff9df1b83
2618,5f456942485340144549178e
2956,65e1f75ab3efd22e847cfbf0
1746,65396dfcb651ad024da200d6
1985,6387f04d7f1c02f2abb6d85d
1958,6629517257384969d8995d78
2463,62d0880f5ba6d972d1bfc63c
2256,5711c09d28742b0011c585be
2226,6692736dbc79e45d4826a73c
2549,671a55e2488ae8f8f4c6e515
2020,5bb7af73dd840f0001d85935
2723,657f3a67a7240ab63edeb5d8
2480,5bc913d99427200001dd47f5
2807,66b0090537df317442571541
2033,5ade6f4709eae2000112e9e2
2290,66ace12c42d9a67100360274
1542,671508e9560f775016b6001c
2148,59ca6d5b46f72100019069c0
1932,5d3e29edecbab2001939acf8
1887,6547a05ca3b182bd3f2d9af8
1416,663fac4f53bae2b144be83f2
2103,614fd56753386a7c522d5feb
2224,671aa2251be72b42120b7108
1497,66df699de6a2e399763cbbd5
2899,66771965c2d6e48e8330e413
2453,66c3b82a1bf635c05395f70f
1390,63b724532ff8f6701c3fd84c
2191,664fa6197cd2ac12ab45da27
2265,644ee5a8f25289f7efacbef4
1564,5f0632802b566a17e81a5f5f
2434,65c10d09a62f4f913412bd71
1440,6655758a754c61f7caff2c9c
2075,611d4519393cabb9a4a46ebd
2663,5f119c5ad521140253f60e86
2769,6627003ffd49b5d83b6460d8
2659,65ccf6eeac32789a604de955
2679,6638dd08c8970837c09a0a15
2914,6366ccdb9a9394035a18f965
2890,660fe8b910d0f16114179923
1648,66c6433698ea92b7ef15182b
2655,66d7b253c64eb18aa549d79c
1963,5f51287698edeb30a0cf878d
2671,66293a97afaf09c613477f83
1660,6630f318d0d884cf785e436f
2491,66eeb98c2a43ecdeeb138455
2238,64e36d981d00e7d7c45addc2
1566,5b735a4c3503c60001a891b7
2081,56888951d7848e000c39a122
2260,667493d7ae5c57a75b13bdcb
1970,6228f35da2410161a1221ac0
1986,670fdd67d95e13ea091a43b0
1437,5fc87106392716201d4c1494
2308,6696a09612a7c019e4d67a7c
2418,66a3af860f7610f9f68e3ab1
2873,66329b48f43cf984fdc252d3
2062,63ea751b7686e752f5ef78b2
2768,64a20e18b0f91aac5ea9a538
2417,6101b0045f55decb70142341
1896,65198ae1d2294dbc8561e90c
1883,66572d13d17105148da59264
2810,5ea48ae3461d1044f2d282cc
1917,6652269eea4a0dfa62f2f0ee
1511,6466a1d27b0712d8d7810610
1461,66b8220254e6b9ba221ebfbc
2053,663e66b02a7a46907d91cc3f
1720,6143e022ec8dfbce17b7e211
2545,6701f5fd7a184e55790f15d8
1738,5d6466d84e9aae0001598a5a
2750,6671beaf74f23fc744083c51
2560,60d7b3469a65ac7408cb9dd3
2603,66f1eb6d8e0337ddde3ef67a
1980,60b5141acdfeaaf91d9dc145
2622,59b941556495ef00019fbc80
1544,60e45acbc927879ccc9637c4
2420,5d3700db048a4f001767b040
1723,62785b6530a3dfd84d8fc34a
2030,64275db44c9f63e924c59f3c
1663,66fc51460850edddf349863a
2478,6644cf0a2e641bfd221ac4af
1485,665a25d6fdeaa3a5116b52a9
1838,657b2d35769a6ccb16f4a04d
1546,654650713282e9e8d26d0b86
2805,66858fd10c89a81ffac751b3
1402,6293f40cb830603d3dbe5d9a
2982,6660b995604968ce1d8ab1c9
2113,609f228c91118f1242805f43
1515,5df4ed2eae7b303760a9d47c
1938,5680253fc5767f00121cc5e2
1605,644f255ec4f58fe559261911
1997,67105e698f7df6c2eb1b9137
2147,67033c18ebf8f20c245934ae
2732,6266e63b82fa38e800e33a24
1755,5fc46f87f8b6b98b2ae7d8cb
1453,5e0815b567f170172799e072
1570,650bd861fdbabe27ab196176
1547,66c02d32e4f9581aa24a4562
2675,6091b418d1cddb4526a44543
1900,66b95807f4d05a33d21e6e7f
1850,610afc69d32d0b52165ca115
1525,66b6530a15c6606e9bbfa574
1990,66e8661e0c5e57cda7bf2d39
1761,667e2bfb491902955a2b4012
2630,67014cbab835dd54c54041e0
2171,63efaace5197dda4627d742f
2919,67190ab10e22cad7919e130c
1523,62b077136224952ffd679d48
2144,669e571a5425e2c7723cac2f
1686,671704c87bf3abe9ae644622
1930,60d8c6bc9686529cdc824a49
1855,65c120df98be0f4091886a41
2773,627ebc31883c7dd7c2220c7e
2266,63ecfea248ea89e9bb6b2a9a
1695,663a5c96bf6c0f72730b22d5
1827,63dab0380b8791f9560fd329
2338,5f4d5f9f835880a2aca8b996
2227,5c6c597c42e33400019c72a5
1657,63d6d43d4f1649ce3dcfa30b
1968,65316cc42df1082ea53d162b
1860,6713cb73496c7f890714e69b
2595,669a92a7634bd2faf6fec077
2783,664ba1f85b19b2fc5503a45f
2757,66d46261dbacd508795802fd
1586,65508fa67c2c79516f083504
1993,670ff22845c7da83b3d2a3e6
2562,666b836f18949a2e08b6c741
1871,66aa97f1b6f7b6d542d37218
2734,6689a1fe29a96f94df7e4052
2251,66c95504723c57c900715764
1517,65045b40a2dd8a23c4101be5
2426,66e0878b8a2624c7a7339c19
2641,63225b65b2d6e889f7289909
2950,66b675e807c8a414b1d49abb
2071,60dfd857e293a99dd577f4c8
1428,5c003b5c2c8cc1000138e25f
2439,66018851d9e1de74bb25c9a3
2292,5d3695969749cc00165c222f
2855,67043ef6d9c995a143ce95e4
1999,66ee033078ac153667a8aa2f
2003,5de5dba9ff87c15699804260
2302,6679e55e2c98136f0c4e71ea
2514,6658d3573e5b27b22f1a64c1
2869,66fe8a070d0b2e44ac7aa2c7
1934,65f7d4c61c411d37124a5922
2072,6660ab8eeaa4f5e8a6a4d223
2402,66ee0515ef642f28cf2c62ce
2155,65d306f8b16eb5011ccb2025
1435,665f32faf8cb761438f67401
2162,6387984be099d077b7cd8508
2055,66a96d2eb81f9cec83fb1bd3
1719,650065e0f3202d7bba91e031
1473,628509244930455cbb7cfd4c
1521,6362933cc15f7c71629efee1
1763,6135e00cdb42bb8c6bc32b71
2955,66e8648522905b612ef32882
2752,671ac2fd4b549b4d9c2f5141
2796,6372a4ce725e6bb64a863e72
1406,5e2861fb5c6297029148b635
2378,666883e7cd549b6798159085
2237,66a79e9e9cc23eaa09b04cc7
2917,6707e4ed01c040d085907fe1
1610,65afc6c767cac918608d012f
1748,638371bc3a1d7da12422ea22
2535,63dac3039dddeaa909a790fb
1478,67034b44e1837b326c65132f
2023,62cbf51439a76e8fccd8a495
2270,66ce83aa0483393f90c865cc
1533,5d2f7fb4bb27200019010768
1587,6684695aa5012650ecd8adb6
2454,5f4a4da1575d605c43bef871
2401,6692d19a89c0d9d85c058647
2616,639b9ab341f4429b1b3c06a2
2389,5fe3f78843c57817126e10b2
1898,663ff3e539df6ec6f060f875
2939,66d50d300762b209335c49aa
2856,66e1f2708b21704eddaf8388
2243,66060f19dda14ccd05dfcef9
2351,668098831221d76d3749d2c4
2249,6402682f1a17d6c87f4f3a89
2349,6663c09d3fc84cb36dba1139
1684,63852498bcb698988baa11c2
1933,5da35e177f1f7d001405f60b
1892,668879eaa1dc0707575d5c82
2342,63ce8e557f1649202fdb045f
2051,66295979973d480359d7ddee
1579,5d0943bf52fb1200194137f5
2158,5cf804f0c5cf0e00010c02d5
1760,649609322cee8b311a1c3f0f
1948,628bd28fc02600d0f26d8273
2602,5ede3d2ef7c9f9068776c4d2
1776,628ec31dc99e876c230e6933
2966,665de185941a88993697577a
2877,66391102d010c43cb8a792d2
2957,5e89fdffad009e010e958ee7
1936,65e94454a6d65a32998ba040
1962,64309be1d7d085ed8ee4c129
1502,586ee444d22a5800014c54e8
1882,63fa2f029381a13d9f2a36a8
1841,65e2e448890c1aaa369b4236
2157,66045b2d60aeda51d9ace5c5
2680,66cd521c51d994c446abe4df
1594,6564f9246a238173b2ab30a2
2294,66a6840ee7dacc037e45681c
2045,5f8b90a4b237f91824a88aeb
1555,582474a8aac01b0001e45ef9
2554,63bc74f63269af3a7bfcec7c
1673,5c3d504ede04ad0001d8be54
1484,660b346a29c282eda350c677
1828,65c139e3a0cb3e89054d2346
1804,641081a1261eb10752b72497
2177,66a57cbc015a7ecc6e1751c8
2791,66736ce8318acf5878cae8c6
2591,65aaf74b028a4828c08a4630
2657,671f6703e76ec0b5990ae474
2934,6638f721ac4b7a399d3d9229
2385,656ca94cdcacc13a8f17ceec
2521,6547bc8b96f7aaaa7fb9f7fd
2058,5ed2bb7a67d51b24b2ac4037
2379,66354e3cb427570ffd8930a0
2127,60ca4cfb5c287146cad0695a
2306,60fcdf04d033481fde0e2298
1824,5ee6706034f12e3d82d952aa
2688,66f61f4cdab62fb395b9d4ee
2190,6702c562530e0f91194044dc
1724,66312419d5e27d48fbc0a866
2246,5dcea7314d51e4107516c80d
2259,66f6d6481eac7611aa2decf2
1910,65eb4bf83cd8843ed9896ba3
1888,66de2ff9e09a5a8ee20d9bbc
2633,66f433cecc9ec197ecc6f189
2551,5de5496937e1d50ca63e0fa5
2303,6529648ca1ade4b6c9e876f4
2145,65dded1e150e45d6c89ae943
1632,67184f3d60a7d215c9c76c3d
2922,66ac3dbee15ba2ca0996f1e5
2204,55afbe52fdf99b4099d57214
2676,63b7992d848592c307fe1e49
2801,5cc482bd8d2a1e001885c450
2321,670598a65450648ae2ddb83b
1927,55b9a9b0fdf99b6906d2aba4
2506,5c7c1f95e926fc00160b4b45
2167,6650ba88f2e4099801ab8357
1969,6700aa0e5919b83e15c080cd
2087,641e3e47556ffc12b0489d88
1425,603831d55efcd81735fed31a
2040,66f729df50af5520146faa1c
2277,5dd1dc9110420023be388e5d
2178,6151e479b4ee16668948c7f2
2515,66aa2f349fa0ed47b7f61a46
1928,66de64c10c2283f1bc392ef1
2823,66ac145b55e2055063cd4079
1960,627fcb5e4e39675ff8d66061
1920,5f48655c66186320c2077614
1404,65ac586115940869d22935d5
2634,6369700320bc7dd22e733009
2041,5d1a7bb2339da6001a12b11a
2123,663eed38de9f3609c772b7f9
1924,5d2a7c01b866ef0015b8e0a1
2569,670fd79cd474bd8551e427e4
1893,5df0be5ec1e3e5103f61f397
2753,65958c11eace7483b2a729eb
2118,60c2fa3c3cdfb91887edd7ce
2329,66426e6d71cc0a1b1cd09097
1794,6608d100a54f3802903f7fe1
1886,5589a309fdf99b7ae5007c33
2530,66acf7e114ccc48c4f7f9594
2196,66f63aeba07bb69cb2f44c32
1479,615a0d3f2f3c6dac605c34c0
1439,62e2f0f23427f0ab91180313
2615,5e4e844553bc702cdf68404d
2949,628555bb109cc99491b8f04b
2481,61008462e0ead7f43d1c5c1e
2255,6685b8b4e5f74b3a1d405b21
2748,66205dd1c80876a4b5f05567
